<?xml version="1.0"?>
<!DOCTYPE hibernate-mapping PUBLIC "-//Hibernate/Hibernate Mapping DTD 3.0//EN"
 "http://www.hibernate.org/dtd/hibernate-mapping-3.0.dtd">
<!--  @author  Srikanth Brahmadevara: Harivara Technology Solutions, CODE GENERATED -->
<hibernate-mapping>
	<class name="com.shoppingcart.request.service.RequestSent" table="RequestSent">
		<id name="requestSentId" type="java.lang.Integer">
			<column name="requestSentId" />
			<generator class="identity" />
		</id>
		<property name="referenceRequestId" type="java.lang.Integer">
			<column name="ReferenceRequestId" length="10" />
		</property>		
		<property name="requestStatus" type="java.lang.String">
			<column name="RequestStatus" length="20" />
		</property>		
		<property name="targetServiceRequestId" type="java.lang.Integer">
			<column name="TargetServiceRequestId" length="10" />
		</property>		
		<property name="rollBackRequest" type="java.lang.Integer">
			<column name="RollBackRequest" length="10" />
		</property>		
		<property name="isRequestRolledBack" type="java.lang.Integer">
			<column name="IsRequestRolledBack" length="10" />
		</property>		
		<property name="apiName" type="java.lang.String">
			<column name="ApiName" length="200" />
		</property>
		<property name="serviceName" type="java.lang.String">
			<column name="ServiceName" length="100" />
		</property>
	</class>	
</hibernate-mapping>
