<?xml version="1.0"?>
<!DOCTYPE hibernate-mapping PUBLIC "-//Hibernate/Hibernate Mapping DTD 3.0//EN"
 "http://www.hibernate.org/dtd/hibernate-mapping-3.0.dtd">
<!-- @author  Srikanth Brahmadevara: Harivara Technology Solutions, CODE GENERATED -->
<hibernate-mapping>
	<class name="com.shoppingcart.request.service.RequestReceived"
		table="RequestReceived">
		<id name="requestReceivedId" type="java.lang.Integer">
			<column name="requestReceivedId" />
			<generator class="identity" />
		</id>
		<property name="currentRequestStatus" type="java.lang.String">
			<column name="CurrentRequestStatus" length="20" />
		</property>
		<property name="sentRequestsStatus" type="java.lang.String">
			<column name="SentRequestsStatus" length="20" />
		</property>
		<property name="requestType" type="java.lang.String">
			<column name="RequestType" length="20" />
		</property>
		<property name="apiName" type="java.lang.String">
			<column name="ApiName" length="200" />
		</property>
		<property name="rollbackAPIName" type="java.lang.String">
			<column name="RollbackAPIName" length="200" />
		</property>
		<property name="serviceName" type="java.lang.String">
			<column name="ServiceName" length="100" />
		</property>
		<property name="paramsInfo" type="java.lang.String">
			<column name="ParamsInfo" length="4000" />
		</property>
		<property name="referenceRequestId" type="java.lang.Integer">
			<column name="ReferenceRequestId" length="10" />
		</property>
		<property name="rollBackRequest" type="java.lang.Integer">
			<column name="RollBackRequest" length="10" />
		</property>
		<property name="isRequestRolledBack" type="java.lang.Integer">
			<column name="IsRequestRolledBack" length="10" />
		</property>
		<property name="areSentRequestsRolledBack"
			type="java.lang.Integer">
			<column name="AreSentRequestsRolledBack" length="10" />
		</property>
		<property name="transactionReferenceId"
			type="java.lang.Integer">
			<column name="transactionReferenceId" length="10" />
		</property>
	</class>
</hibernate-mapping>
