 version="1.0"?>
<!DOCTYPE hibernate-mapping PUBLIC "-//Hibernate/Hibernate Mapping DTD 3.0//EN"
 "http://www.hibernate.org/dtd/hibernate-mapping-3.0.dtd">
<!-- @author  Srikanth Brahmadevara: Harivara Technology Solutions, CODE GENERATED -->
<hibernate-mapping>
	<class name="com.shoppingcart.bean.UserInfo" table="UserInfo">
		<id name="userInfoId" type="java.lang.Integer">
			<column name="userInfoId" />
			<generator class="identity" />
		</id>
		
				
				
		<property name="userFirstName" type="java.lang.String">
			<column name="UserFirstName" length="50" />
		</property>
		
		<property name="userLastName" type="java.lang.String">
			<column name="UserLastName" length="50" />
		</property>
		<property name="organisationsUserOrgId" type="java.lang.Integer">
			<column name="OrganisationsUserOrgId" length="10" />
		</property><property name="loginId" type="java.lang.String">
			<column name="LoginId" length="50" />
		</property>
		
		<property name="loginEmailId" type="java.lang.String">
			<column name="LoginEmailId" length="100" />
		</property>
		
		<property name="contactNo" type="java.lang.String">
			<column name="ContactNo" length="20" />
		</property>
		
		<property name="loginPassword" type="java.lang.String">
			<column name="LoginPassword" length="100" />
		</property>
		
		<property name="resetToken" type="java.lang.String">
			<column name="ResetToken" length="10" />
		</property>

		<property name="vwLastModifiedDate" type="date">
			<column name="VwLastModifiedDate" length="10" />
		</property>
		<property name="vwLastModifiedTime" type="java.lang.Integer">
			<column name="VwLastModifiedTime" length="9" />
		</property>
		<property name="vwLastAction" type="java.lang.String">
			<column name="VwLastAction" length="20" />
		</property>
		<property name="vwModifiedBy" type="java.lang.String">
			<column name="VwModifiedBy" length="100" />
		</property>
		<property name="vwTxnRemarks" type="java.lang.String">
			<column name="VwTxnRemarks" length="500" />
		</property>
		<property name="vwTxnStatus" type="java.lang.String">
			<column name="VwTxnStatus" length="25" />
		</property>
		<property name="isRequestUnderProcesss"
			type="java.lang.Integer">
			<column name="IsRequestUnderProcesss" length="10" />
		</property>
		<property name="legacyRecordId"
			type="java.lang.Integer">
			<column name="LegacyRecordId" length="10" />
		</property>
	</class>	
</hibernate-mapping>
