 version="1.0"?>
<!DOCTYPE hibernate-mapping PUBLIC "-//Hibernate/Hibernate Mapping DTD 3.0//EN"
 "http://www.hibernate.org/dtd/hibernate-mapping-3.0.dtd">
<!-- @author  Srikanth Brahmadevara: Harivara Technology Solutions, CODE GENERATED -->
<hibernate-mapping>
	<class name="com.shoppingcart.bean.OrderItem" table="OrderItem">
		<id name="orderItemId" type="java.lang.Integer">
			<column name="orderItemId" />
			<generator class="identity" />
		</id>
		
				
				
		<property name="oid" type="java.lang.Integer">
			<column name="Oid" length="15" />
		</property>
		
		<property name="prodId" type="java.lang.Integer">
			<column name="ProdId" length="20" />
		</property>
		
		<property name="prodQnty" type="java.lang.Integer">
			<column name="ProdQnty" length="15" />
		</property>
		
		<property name="prodUnitPrice" type="java.lang.Integer">
			<column name="ProdUnitPrice" length="15" />
		</property>
		
		<property name="subTotalAmt" type="java.lang.Double">
			<column name="SubTotalAmt" length="20" />
		</property>

		<property name="vwLastModifiedDate" type="date">
			<column name="VwLastModifiedDate" length="10" />
		</property>
		<property name="vwLastModifiedTime" type="java.lang.Integer">
			<column name="VwLastModifiedTime" length="9" />
		</property>
		<property name="vwLastAction" type="java.lang.String">
			<column name="VwLastAction" length="20" />
		</property>
		<property name="vwModifiedBy" type="java.lang.String">
			<column name="VwModifiedBy" length="100" />
		</property>
		<property name="vwTxnRemarks" type="java.lang.String">
			<column name="VwTxnRemarks" length="500" />
		</property>
		<property name="vwTxnStatus" type="java.lang.String">
			<column name="VwTxnStatus" length="25" />
		</property>
		<property name="isRequestUnderProcesss"
			type="java.lang.Integer">
			<column name="IsRequestUnderProcesss" length="10" />
		</property>
		<property name="legacyRecordId"
			type="java.lang.Integer">
			<column name="LegacyRecordId" length="10" />
		</property>
	</class>	
</hibernate-mapping>
